ID,Category,Date,Graduation Rate (%),Research Publications,Label
ID_1,Type B,2018-01-01,737,173.23,Positive
ID_2,Type D,2018-01-02,280,326.42,Neutral
ID_3,Type A,2018-01-03,326,466.75,Positive
ID_4,Type D,2018-01-04,148,467.71,Negative
ID_5,Type D,2018-01-05,41,253.98,Neutral
ID_6,Type A,2018-01-06,792,400.28,Neutral
ID_7,Type D,2018-01-07,238,123.8,Negative
ID_8,Type D,2018-01-08,23,369.07,Negative
ID_9,Type B,2018-01-09,45,194.87,Positive
ID_10,Type A,2018-01-10,175,84.82,Negative
ID_11,Type B,2018-01-11,866,412.21,Negative
ID_12,Type B,2018-01-12,694,343.79,Negative
ID_13,Type B,2018-01-13,185,95.31,Positive
ID_14,Type C,2018-01-14,495,90.98,Positive
ID_15,Type A,2018-01-15,786,59.09,Positive
ID_16,Type B,2018-01-16,612,96.4,Negative
ID_17,Type B,2018-01-17,965,84.55,Negative
ID_18,Type C,2018-01-18,489,498.35,Neutral
ID_19,Type B,2018-01-19,14,109.41,Negative
ID_20,Type A,2018-01-20,606,380.88,Neutral
ID_21,Type C,2018-01-21,855,314.79,Negative
ID_22,Type D,2018-01-22,42,22.97,Positive
ID_23,Type D,2018-01-23,536,490.99,Positive
ID_24,Type A,2018-01-24,668,470.6,Neutral
ID_25,Type D,2018-01-25,321,93.83,Neutral
ID_26,Type C,2018-01-26,289,403.24,Negative
ID_27,Type D,2018-01-27,763,193.16,Neutral
ID_28,Type B,2018-01-28,343,492.14,Negative
ID_29,Type C,2018-01-29,209,412.95,Positive
ID_30,Type C,2018-01-30,151,413.26,Neutral
ID_31,Type D,2018-01-31,302,348.82,Positive
ID_32,Type D,2018-02-01,487,404.27,Positive
ID_33,Type D,2018-02-02,313,231.74,Neutral
ID_34,Type A,2018-02-03,64,224.16,Neutral
ID_35,Type A,2018-02-04,792,439.21,Negative
ID_36,Type C,2018-02-05,821,212.59,Neutral
ID_37,Type A,2018-02-06,362,401.5,Neutral
ID_38,Type C,2018-02-07,524,217.96,Negative
ID_39,Type C,2018-02-08,254,59.44,Neutral
ID_40,Type C,2018-02-09,172,217.68,Neutral
ID_41,Type A,2018-02-10,906,280.37,Positive
ID_42,Type D,2018-02-11,601,130.31,Positive
ID_43,Type C,2018-02-12,27,161.19,Negative
ID_44,Type A,2018-02-13,669,260.25,Neutral
ID_45,Type C,2018-02-14,680,460.19,Neutral
ID_46,Type D,2018-02-15,275,226.22,Positive
ID_47,Type C,2018-02-16,179,208.52,Neutral
ID_48,Type D,2018-02-17,759,175.4,Positive
ID_49,Type D,2018-02-18,69,159.69,Positive
ID_50,Type D,2018-02-19,931,350.81,Neutral
ID_51,Type B,2018-02-20,807,335.68,Positive
ID_52,Type A,2018-02-21,825,22.34,Negative
ID_53,Type B,2018-02-22,141,62.81,Positive
ID_54,Type D,2018-02-23,904,79.76,Neutral
ID_55,Type B,2018-02-24,702,361.47,Negative
ID_56,Type C,2018-02-25,472,239.31,Positive
ID_57,Type C,2018-02-26,277,316.69,Positive
ID_58,Type B,2018-02-27,386,48.81,Neutral
ID_59,Type D,2018-02-28,599,221.16,Neutral
ID_60,Type D,2018-03-01,522,332.66,Positive
ID_61,Type B,2018-03-02,639,281.55,Neutral
ID_62,Type B,2018-03-03,929,398.72,Negative
ID_63,Type D,2018-03-04,719,428.02,Negative
ID_64,Type C,2018-03-05,513,277.32,Positive
ID_65,Type C,2018-03-06,662,69.43,Negative
ID_66,Type D,2018-03-07,806,128.59,Positive
ID_67,Type B,2018-03-08,915,173.57,Neutral
ID_68,Type C,2018-03-09,788,162.82,Positive
ID_69,Type C,2018-03-10,695,295.49,Negative
ID_70,Type D,2018-03-11,612,331.97,Positive
ID_71,Type C,2018-03-12,263,220.45,Negative
ID_72,Type A,2018-03-13,145,175.95,Neutral
ID_73,Type C,2018-03-14,401,361.88,Negative
ID_74,Type D,2018-03-15,718,237.85,Negative
ID_75,Type A,2018-03-16,797,104.08,Negative
ID_76,Type D,2018-03-17,135,248.9,Negative
ID_77,Type A,2018-03-18,426,477.7,Neutral
ID_78,Type D,2018-03-19,816,85.17,Negative
ID_79,Type B,2018-03-20,200,478.69,Neutral
ID_80,Type D,2018-03-21,86,97.12,Negative
ID_81,Type D,2018-03-22,426,437.51,Negative
ID_82,Type D,2018-03-23,248,474.99,Negative
ID_83,Type B,2018-03-24,34,140.9,Neutral
ID_84,Type B,2018-03-25,865,301.1,Neutral
ID_85,Type A,2018-03-26,695,175.1,Negative
ID_86,Type C,2018-03-27,13,457.38,Negative
ID_87,Type D,2018-03-28,607,131.61,Positive
ID_88,Type D,2018-03-29,770,115.67,Neutral
ID_89,Type A,2018-03-30,763,58.78,Positive
ID_90,Type B,2018-03-31,148,496.87,Positive
ID_91,Type B,2018-04-01,482,414.08,Neutral
ID_92,Type C,2018-04-02,223,197.48,Neutral
ID_93,Type C,2018-04-03,334,94.37,Neutral
ID_94,Type A,2018-04-04,998,352.26,Positive
ID_95,Type D,2018-04-05,206,300.48,Positive
ID_96,Type C,2018-04-06,652,398.69,Positive
ID_97,Type A,2018-04-07,700,496.65,Neutral
ID_98,Type B,2018-04-08,66,222.47,Neutral
ID_99,Type B,2018-04-09,834,409.27,Negative
ID_100,Type B,2018-04-10,394,148.63,Neutral
ID_101,Type D,2018-04-11,14,85.44,Positive
ID_102,Type B,2018-04-12,335,490.51,Neutral
ID_103,Type A,2018-04-13,606,107.91,Neutral
ID_104,Type C,2018-04-14,253,109.28,Negative
ID_105,Type B,2018-04-15,329,422.76,Positive
ID_106,Type B,2018-04-16,446,407.08,Negative
ID_107,Type D,2018-04-17,182,21.64,Positive
ID_108,Type A,2018-04-18,554,301.61,Neutral
ID_109,Type A,2018-04-19,712,342.01,Positive
ID_110,Type D,2018-04-20,386,87.21,Positive
ID_111,Type C,2018-04-21,404,17.98,Negative
ID_112,Type D,2018-04-22,907,206.69,Negative
ID_113,Type C,2018-04-23,862,167.07,Negative
ID_114,Type D,2018-04-24,417,86.09,Negative
ID_115,Type C,2018-04-25,892,166.83,Neutral
ID_116,Type B,2018-04-26,899,205.32,Positive
ID_117,Type A,2018-04-27,7,55.69,Negative
ID_118,Type D,2018-04-28,715,317.53,Positive
ID_119,Type D,2018-04-29,607,198.44,Negative
ID_120,Type B,2018-04-30,616,245.86,Positive
ID_121,Type D,2018-05-01,506,488.75,Neutral
ID_122,Type B,2018-05-02,276,61.27,Positive
ID_123,Type A,2018-05-03,69,484.4,Negative
ID_124,Type D,2018-05-04,609,35.14,Positive
ID_125,Type C,2018-05-05,528,470.02,Neutral
ID_126,Type D,2018-05-06,943,220.7,Negative
ID_127,Type B,2018-05-07,262,497.98,Negative
ID_128,Type A,2018-05-08,180,466.23,Negative
ID_129,Type B,2018-05-09,883,241.58,Positive
ID_130,Type A,2018-05-10,128,494.48,Neutral
ID_131,Type B,2018-05-11,476,446.48,Negative
ID_132,Type D,2018-05-12,192,352.2,Positive
ID_133,Type A,2018-05-13,213,213.26,Neutral
ID_134,Type B,2018-05-14,658,401.15,Negative
ID_135,Type A,2018-05-15,393,285.63,Neutral
ID_136,Type B,2018-05-16,444,192.9,Negative
ID_137,Type D,2018-05-17,619,171.41,Negative
ID_138,Type C,2018-05-18,513,39.78,Neutral
ID_139,Type B,2018-05-19,214,480.34,Positive
ID_140,Type B,2018-05-20,661,154.26,Positive
ID_141,Type C,2018-05-21,618,52.96,Negative
ID_142,Type D,2018-05-22,453,214.14,Positive
ID_143,Type D,2018-05-23,954,43.9,Negative
ID_144,Type C,2018-05-24,800,47.73,Neutral
ID_145,Type B,2018-05-25,253,18.15,Negative
ID_146,Type C,2018-05-26,367,492.85,Neutral
ID_147,Type D,2018-05-27,690,183.0,Negative
ID_148,Type A,2018-05-28,270,451.08,Neutral
ID_149,Type D,2018-05-29,702,172.95,Neutral
ID_150,Type A,2018-05-30,51,147.35,Positive
ID_151,Type D,2018-05-31,483,149.61,Negative
ID_152,Type B,2018-06-01,292,22.57,Positive
ID_153,Type C,2018-06-02,344,284.07,Neutral
ID_154,Type D,2018-06-03,629,399.8,Neutral
ID_155,Type A,2018-06-04,744,120.33,Positive
ID_156,Type B,2018-06-05,446,301.91,Positive
ID_157,Type D,2018-06-06,287,48.04,Neutral
ID_158,Type B,2018-06-07,372,441.7,Neutral
ID_159,Type C,2018-06-08,30,37.96,Positive
ID_160,Type B,2018-06-09,303,295.45,Positive
ID_161,Type A,2018-06-10,770,484.65,Positive
ID_162,Type A,2018-06-11,62,452.25,Negative
ID_163,Type A,2018-06-12,51,468.61,Positive
ID_164,Type C,2018-06-13,911,321.62,Neutral
ID_165,Type D,2018-06-14,195,325.43,Positive
ID_166,Type D,2018-06-15,716,237.1,Positive
ID_167,Type A,2018-06-16,772,491.39,Neutral
ID_168,Type A,2018-06-17,318,153.9,Positive
ID_169,Type B,2018-06-18,84,259.82,Negative
ID_170,Type D,2018-06-19,508,255.07,Negative
ID_171,Type D,2018-06-20,278,204.85,Positive
ID_172,Type A,2018-06-21,296,342.87,Positive
ID_173,Type B,2018-06-22,36,175.02,Negative
ID_174,Type A,2018-06-23,974,256.78,Neutral
ID_175,Type C,2018-06-24,85,471.28,Negative
ID_176,Type C,2018-06-25,664,187.98,Neutral
ID_177,Type D,2018-06-26,344,295.16,Neutral
ID_178,Type A,2018-06-27,797,247.85,Negative
ID_179,Type C,2018-06-28,53,204.63,Negative
ID_180,Type D,2018-06-29,458,266.34,Positive
ID_181,Type C,2018-06-30,205,439.88,Positive
ID_182,Type C,2018-07-01,169,324.04,Neutral
ID_183,Type A,2018-07-02,932,53.69,Negative
ID_184,Type B,2018-07-03,815,189.43,Negative
ID_185,Type B,2018-07-04,985,67.26,Positive
ID_186,Type C,2018-07-05,793,423.04,Negative
ID_187,Type C,2018-07-06,928,234.78,Positive
ID_188,Type C,2018-07-07,325,498.96,Neutral
ID_189,Type D,2018-07-08,132,271.36,Positive
ID_190,Type C,2018-07-09,269,358.29,Positive
ID_191,Type C,2018-07-10,884,311.64,Negative
ID_192,Type B,2018-07-11,286,422.12,Neutral
ID_193,Type D,2018-07-12,873,323.04,Negative
ID_194,Type D,2018-07-13,583,267.26,Negative
ID_195,Type A,2018-07-14,81,149.45,Neutral
ID_196,Type A,2018-07-15,527,63.58,Positive
ID_197,Type B,2018-07-16,731,275.26,Neutral
ID_198,Type D,2018-07-17,716,250.05,Neutral
ID_199,Type C,2018-07-18,870,494.48,Positive
ID_200,Type D,2018-07-19,527,314.63,Negative
ID_201,Type A,2018-07-20,16,148.23,Positive
ID_202,Type C,2018-07-21,273,369.43,Positive
ID_203,Type B,2018-07-22,208,396.62,Negative
ID_204,Type A,2018-07-23,404,119.48,Positive
ID_205,Type B,2018-07-24,75,392.95,Positive
ID_206,Type D,2018-07-25,708,96.79,Positive
ID_207,Type D,2018-07-26,308,135.88,Neutral
ID_208,Type B,2018-07-27,814,303.34,Neutral
ID_209,Type D,2018-07-28,90,311.48,Neutral
ID_210,Type A,2018-07-29,719,119.36,Positive
ID_211,Type D,2018-07-30,369,36.08,Negative
ID_212,Type A,2018-07-31,625,336.35,Positive
ID_213,Type B,2018-08-01,623,132.99,Positive
ID_214,Type C,2018-08-02,752,108.17,Neutral
ID_215,Type D,2018-08-03,998,149.59,Negative
ID_216,Type A,2018-08-04,762,22.57,Positive
ID_217,Type A,2018-08-05,879,74.66,Neutral
ID_218,Type B,2018-08-06,481,292.56,Negative
ID_219,Type D,2018-08-07,10,415.02,Negative
ID_220,Type A,2018-08-08,786,63.19,Neutral
ID_221,Type C,2018-08-09,575,433.01,Neutral
ID_222,Type D,2018-08-10,2,230.44,Positive
ID_223,Type A,2018-08-11,172,152.15,Positive
ID_224,Type D,2018-08-12,645,352.2,Negative
ID_225,Type D,2018-08-13,483,431.65,Neutral
ID_226,Type D,2018-08-14,660,491.37,Neutral
ID_227,Type A,2018-08-15,11,433.17,Positive
ID_228,Type D,2018-08-16,980,43.39,Positive
ID_229,Type B,2018-08-17,168,192.88,Neutral
ID_230,Type D,2018-08-18,82,182.67,Neutral
ID_231,Type D,2018-08-19,915,208.63,Neutral
ID_232,Type A,2018-08-20,625,350.31,Positive
ID_233,Type C,2018-08-21,566,235.79,Neutral
ID_234,Type A,2018-08-22,121,97.5,Neutral
ID_235,Type B,2018-08-23,560,315.08,Neutral
ID_236,Type A,2018-08-24,802,150.21,Negative
ID_237,Type D,2018-08-25,285,348.4,Neutral
ID_238,Type A,2018-08-26,946,84.5,Positive
ID_239,Type A,2018-08-27,990,378.79,Positive
ID_240,Type D,2018-08-28,799,458.4,Positive
ID_241,Type D,2018-08-29,364,318.29,Neutral
ID_242,Type D,2018-08-30,328,486.79,Positive
ID_243,Type D,2018-08-31,699,77.01,Neutral
ID_244,Type D,2018-09-01,903,122.83,Positive
ID_245,Type C,2018-09-02,407,337.51,Neutral
ID_246,Type B,2018-09-03,130,193.23,Neutral
ID_247,Type A,2018-09-04,522,420.02,Positive
ID_248,Type B,2018-09-05,464,259.63,Positive
ID_249,Type B,2018-09-06,578,312.79,Negative
ID_250,Type B,2018-09-07,128,15.85,Negative
ID_251,Type D,2018-09-08,662,487.36,Negative
ID_252,Type D,2018-09-09,268,495.54,Neutral
ID_253,Type A,2018-09-10,816,389.69,Positive
ID_254,Type B,2018-09-11,574,455.32,Positive
ID_255,Type A,2018-09-12,230,168.2,Negative
ID_256,Type C,2018-09-13,979,127.1,Negative
ID_257,Type B,2018-09-14,423,372.56,Positive
ID_258,Type A,2018-09-15,700,157.61,Neutral
ID_259,Type C,2018-09-16,570,348.94,Negative
ID_260,Type C,2018-09-17,243,488.46,Neutral
ID_261,Type B,2018-09-18,532,64.28,Neutral
ID_262,Type C,2018-09-19,253,294.1,Positive
ID_263,Type D,2018-09-20,284,408.05,Neutral
ID_264,Type D,2018-09-21,439,112.2,Neutral
ID_265,Type B,2018-09-22,417,489.35,Neutral
ID_266,Type C,2018-09-23,551,453.33,Negative
ID_267,Type C,2018-09-24,970,248.22,Positive
ID_268,Type C,2018-09-25,175,141.39,Negative
ID_269,Type D,2018-09-26,992,112.72,Negative
ID_270,Type D,2018-09-27,911,333.25,Neutral
ID_271,Type B,2018-09-28,139,422.9,Negative
ID_272,Type C,2018-09-29,399,159.5,Negative
ID_273,Type D,2018-09-30,972,486.41,Positive
ID_274,Type D,2018-10-01,632,379.78,Neutral
ID_275,Type A,2018-10-02,301,342.22,Neutral
ID_276,Type C,2018-10-03,29,485.36,Neutral
ID_277,Type A,2018-10-04,786,404.44,Negative
ID_278,Type A,2018-10-05,882,203.0,Neutral
ID_279,Type C,2018-10-06,690,325.34,Negative
ID_280,Type A,2018-10-07,513,402.84,Positive
ID_281,Type A,2018-10-08,53,438.31,Positive
ID_282,Type D,2018-10-09,549,342.86,Neutral
ID_283,Type B,2018-10-10,914,231.26,Positive
ID_284,Type A,2018-10-11,938,403.75,Negative
ID_285,Type D,2018-10-12,977,178.35,Positive
ID_286,Type A,2018-10-13,264,220.05,Negative
ID_287,Type A,2018-10-14,481,89.92,Positive
ID_288,Type C,2018-10-15,918,47.66,Negative
ID_289,Type C,2018-10-16,183,231.21,Neutral
ID_290,Type D,2018-10-17,811,218.12,Positive
ID_291,Type A,2018-10-18,629,418.03,Neutral
ID_292,Type D,2018-10-19,154,457.17,Neutral
ID_293,Type D,2018-10-20,273,279.68,Negative
ID_294,Type C,2018-10-21,687,401.62,Positive
ID_295,Type A,2018-10-22,305,259.73,Positive
ID_296,Type B,2018-10-23,942,73.53,Positive
ID_297,Type A,2018-10-24,735,363.48,Negative
ID_298,Type B,2018-10-25,491,13.76,Neutral
ID_299,Type B,2018-10-26,622,68.47,Positive
ID_300,Type C,2018-10-27,74,258.21,Negative
ID_301,Type D,2018-10-28,796,429.9,Positive
ID_302,Type C,2018-10-29,88,271.8,Negative
ID_303,Type A,2018-10-30,16,131.33,Positive
ID_304,Type D,2018-10-31,603,171.09,Positive
ID_305,Type C,2018-11-01,497,247.7,Negative
ID_306,Type C,2018-11-02,461,219.51,Negative
ID_307,Type B,2018-11-03,954,252.91,Negative
ID_308,Type D,2018-11-04,421,195.75,Positive
ID_309,Type D,2018-11-05,327,440.4,Positive
ID_310,Type D,2018-11-06,871,389.61,Neutral
ID_311,Type D,2018-11-07,716,283.4,Negative
ID_312,Type B,2018-11-08,874,312.37,Negative
ID_313,Type B,2018-11-09,44,443.07,Neutral
ID_314,Type A,2018-11-10,425,234.2,Negative
ID_315,Type C,2018-11-11,218,468.24,Neutral
ID_316,Type B,2018-11-12,279,417.93,Neutral
ID_317,Type C,2018-11-13,766,307.29,Positive
ID_318,Type C,2018-11-14,781,416.69,Negative
ID_319,Type C,2018-11-15,86,358.98,Negative
ID_320,Type A,2018-11-16,818,266.91,Negative
ID_321,Type D,2018-11-17,920,461.95,Neutral
ID_322,Type A,2018-11-18,807,165.49,Negative
ID_323,Type D,2018-11-19,279,292.07,Positive
ID_324,Type B,2018-11-20,345,433.83,Positive
ID_325,Type C,2018-11-21,758,368.74,Neutral
ID_326,Type D,2018-11-22,273,86.01,Negative
ID_327,Type B,2018-11-23,509,337.55,Positive
ID_328,Type A,2018-11-24,766,493.19,Negative
ID_329,Type D,2018-11-25,335,428.33,Neutral
ID_330,Type C,2018-11-26,62,95.49,Neutral
ID_331,Type A,2018-11-27,841,228.07,Positive
ID_332,Type D,2018-11-28,339,231.04,Negative
ID_333,Type A,2018-11-29,469,294.42,Negative
ID_334,Type A,2018-11-30,868,162.38,Positive
ID_335,Type B,2018-12-01,318,243.74,Negative
ID_336,Type C,2018-12-02,181,199.67,Negative
ID_337,Type C,2018-12-03,695,355.33,Negative
ID_338,Type D,2018-12-04,486,162.41,Neutral
ID_339,Type C,2018-12-05,460,104.58,Neutral
ID_340,Type A,2018-12-06,541,464.46,Neutral
ID_341,Type D,2018-12-07,759,347.53,Negative
ID_342,Type C,2018-12-08,501,135.0,Negative
ID_343,Type A,2018-12-09,73,350.21,Positive
ID_344,Type A,2018-12-10,459,217.73,Negative
ID_345,Type A,2018-12-11,967,317.96,Positive
ID_346,Type B,2018-12-12,669,451.94,Positive
ID_347,Type A,2018-12-13,793,420.06,Neutral
ID_348,Type D,2018-12-14,367,369.65,Neutral
ID_349,Type C,2018-12-15,255,485.06,Neutral
ID_350,Type B,2018-12-16,209,206.73,Positive
ID_351,Type C,2018-12-17,831,373.54,Positive
ID_352,Type C,2018-12-18,190,414.9,Negative
ID_353,Type D,2018-12-19,479,288.29,Neutral
ID_354,Type D,2018-12-20,718,400.03,Neutral
ID_355,Type A,2018-12-21,708,43.54,Negative
ID_356,Type D,2018-12-22,121,135.1,Negative
ID_357,Type D,2018-12-23,95,308.75,Neutral
ID_358,Type D,2018-12-24,407,217.84,Negative
ID_359,Type B,2018-12-25,333,337.25,Neutral
ID_360,Type A,2018-12-26,364,100.88,Positive
ID_361,Type B,2018-12-27,128,46.52,Negative
ID_362,Type C,2018-12-28,567,297.61,Negative
ID_363,Type A,2018-12-29,908,495.64,Neutral
ID_364,Type A,2018-12-30,733,229.0,Positive
ID_365,Type A,2018-12-31,813,201.38,Neutral
ID_366,Type A,2019-01-01,523,436.74,Negative
ID_367,Type B,2019-01-02,358,168.72,Neutral
ID_368,Type B,2019-01-03,124,81.37,Negative
ID_369,Type C,2019-01-04,418,132.67,Neutral
ID_370,Type A,2019-01-05,474,96.27,Negative
ID_371,Type A,2019-01-06,261,326.45,Positive
ID_372,Type D,2019-01-07,99,18.55,Neutral
ID_373,Type B,2019-01-08,885,496.08,Negative
ID_374,Type B,2019-01-09,997,360.15,Neutral
ID_375,Type C,2019-01-10,88,417.89,Negative
ID_376,Type C,2019-01-11,544,461.04,Negative
ID_377,Type C,2019-01-12,683,126.95,Negative
ID_378,Type C,2019-01-13,244,405.74,Neutral
ID_379,Type D,2019-01-14,54,463.31,Positive
ID_380,Type B,2019-01-15,176,391.27,Positive
ID_381,Type D,2019-01-16,596,275.99,Positive
ID_382,Type B,2019-01-17,904,259.99,Positive
ID_383,Type A,2019-01-18,186,121.52,Positive
ID_384,Type B,2019-01-19,335,225.87,Positive
ID_385,Type C,2019-01-20,528,102.86,Negative
ID_386,Type C,2019-01-21,224,183.34,Negative
ID_387,Type C,2019-01-22,441,331.98,Neutral
ID_388,Type A,2019-01-23,546,178.27,Negative
ID_389,Type A,2019-01-24,944,450.44,Negative
ID_390,Type A,2019-01-25,825,182.75,Negative
ID_391,Type C,2019-01-26,244,481.37,Neutral
ID_392,Type C,2019-01-27,394,217.21,Neutral
ID_393,Type B,2019-01-28,141,298.54,Neutral
ID_394,Type C,2019-01-29,497,14.57,Neutral
ID_395,Type D,2019-01-30,947,126.27,Neutral
ID_396,Type B,2019-01-31,571,217.71,Positive
ID_397,Type C,2019-02-01,675,313.67,Negative
ID_398,Type D,2019-02-02,953,361.15,Positive
ID_399,Type A,2019-02-03,731,269.25,Positive
ID_400,Type B,2019-02-04,587,138.96,Neutral
ID_401,Type C,2019-02-05,660,477.34,Negative
ID_402,Type C,2019-02-06,397,220.52,Neutral
ID_403,Type B,2019-02-07,407,197.25,Positive
ID_404,Type C,2019-02-08,721,121.66,Negative
ID_405,Type B,2019-02-09,422,286.34,Negative
ID_406,Type A,2019-02-10,785,84.61,Neutral
ID_407,Type A,2019-02-11,996,480.37,Neutral
ID_408,Type D,2019-02-12,464,265.47,Neutral
ID_409,Type C,2019-02-13,336,92.42,Neutral
ID_410,Type A,2019-02-14,308,108.19,Negative
ID_411,Type D,2019-02-15,951,98.8,Negative
ID_412,Type A,2019-02-16,158,128.21,Neutral
ID_413,Type A,2019-02-17,62,410.21,Neutral
ID_414,Type A,2019-02-18,565,337.23,Negative
ID_415,Type B,2019-02-19,988,90.02,Positive
ID_416,Type C,2019-02-20,164,77.01,Negative
ID_417,Type B,2019-02-21,815,221.55,Positive
ID_418,Type D,2019-02-22,271,61.54,Neutral
ID_419,Type B,2019-02-23,982,218.69,Negative
ID_420,Type B,2019-02-24,551,128.37,Neutral
ID_421,Type C,2019-02-25,46,368.66,Neutral
ID_422,Type A,2019-02-26,822,465.08,Neutral
ID_423,Type C,2019-02-27,85,353.35,Positive
ID_424,Type A,2019-02-28,566,349.9,Negative
ID_425,Type D,2019-03-01,197,234.42,Positive
ID_426,Type B,2019-03-02,42,170.39,Positive
ID_427,Type D,2019-03-03,846,66.05,Positive
ID_428,Type D,2019-03-04,950,115.98,Positive
ID_429,Type C,2019-03-05,250,53.91,Positive
ID_430,Type D,2019-03-06,707,346.68,Positive
ID_431,Type B,2019-03-07,963,297.6,Negative
ID_432,Type D,2019-03-08,297,448.59,Neutral
ID_433,Type D,2019-03-09,659,163.42,Neutral
ID_434,Type B,2019-03-10,583,160.77,Neutral
ID_435,Type A,2019-03-11,319,308.46,Negative
ID_436,Type B,2019-03-12,930,121.92,Neutral
ID_437,Type A,2019-03-13,501,392.97,Positive
ID_438,Type B,2019-03-14,283,306.0,Negative
ID_439,Type D,2019-03-15,465,342.51,Neutral
ID_440,Type A,2019-03-16,491,189.5,Neutral
ID_441,Type D,2019-03-17,163,347.5,Negative
ID_442,Type C,2019-03-18,125,187.62,Positive
ID_443,Type D,2019-03-19,211,48.95,Neutral
ID_444,Type D,2019-03-20,362,246.91,Positive
ID_445,Type A,2019-03-21,813,263.59,Negative
ID_446,Type C,2019-03-22,940,213.53,Neutral
ID_447,Type C,2019-03-23,706,37.09,Positive
ID_448,Type C,2019-03-24,113,320.61,Neutral
ID_449,Type A,2019-03-25,79,286.8,Negative
ID_450,Type D,2019-03-26,296,383.34,Positive
ID_451,Type A,2019-03-27,244,247.31,Positive
ID_452,Type C,2019-03-28,40,295.97,Negative
ID_453,Type A,2019-03-29,831,356.83,Negative
ID_454,Type B,2019-03-30,725,305.18,Positive
ID_455,Type D,2019-03-31,621,466.42,Negative
ID_456,Type C,2019-04-01,298,470.26,Neutral
ID_457,Type A,2019-04-02,613,460.78,Negative
ID_458,Type C,2019-04-03,58,494.22,Positive
ID_459,Type A,2019-04-04,890,465.26,Positive
ID_460,Type A,2019-04-05,159,120.89,Neutral
ID_461,Type B,2019-04-06,178,186.41,Positive
ID_462,Type B,2019-04-07,878,59.93,Neutral
ID_463,Type C,2019-04-08,583,264.53,Neutral
ID_464,Type B,2019-04-09,755,240.97,Positive
ID_465,Type D,2019-04-10,171,399.76,Negative
ID_466,Type D,2019-04-11,230,113.31,Neutral
ID_467,Type C,2019-04-12,417,363.48,Neutral
ID_468,Type C,2019-04-13,905,281.4,Positive
ID_469,Type A,2019-04-14,566,387.77,Positive
ID_470,Type D,2019-04-15,523,108.36,Neutral
ID_471,Type C,2019-04-16,356,22.85,Negative
ID_472,Type B,2019-04-17,464,442.39,Neutral
ID_473,Type D,2019-04-18,373,223.03,Positive
ID_474,Type D,2019-04-19,421,43.91,Neutral
ID_475,Type D,2019-04-20,203,127.41,Positive
ID_476,Type B,2019-04-21,343,90.82,Positive
ID_477,Type B,2019-04-22,890,273.12,Positive
ID_478,Type B,2019-04-23,715,234.2,Negative
ID_479,Type D,2019-04-24,988,440.44,Neutral
ID_480,Type D,2019-04-25,831,178.29,Neutral
ID_481,Type D,2019-04-26,768,393.27,Negative
ID_482,Type D,2019-04-27,507,72.6,Positive
ID_483,Type B,2019-04-28,568,428.85,Neutral
ID_484,Type B,2019-04-29,971,82.36,Negative
ID_485,Type A,2019-04-30,192,277.68,Positive
ID_486,Type A,2019-05-01,788,274.8,Positive
ID_487,Type C,2019-05-02,420,185.02,Negative
ID_488,Type B,2019-05-03,791,284.74,Negative
ID_489,Type A,2019-05-04,906,117.52,Negative
ID_490,Type D,2019-05-05,395,452.66,Neutral
ID_491,Type A,2019-05-06,333,12.36,Neutral
ID_492,Type D,2019-05-07,495,267.78,Positive
ID_493,Type D,2019-05-08,445,342.13,Positive
ID_494,Type C,2019-05-09,639,293.6,Positive
ID_495,Type C,2019-05-10,714,332.48,Negative
ID_496,Type B,2019-05-11,332,125.05,Positive
ID_497,Type A,2019-05-12,918,138.94,Neutral
ID_498,Type D,2019-05-13,387,162.1,Negative
ID_499,Type C,2019-05-14,182,477.66,Negative
ID_500,Type D,2019-05-15,110,225.97,Positive
ID_501,Type D,2019-05-16,604,184.91,Neutral
ID_502,Type B,2019-05-17,96,224.29,Negative
ID_503,Type C,2019-05-18,952,129.67,Positive
ID_504,Type B,2019-05-19,840,307.92,Negative
ID_505,Type B,2019-05-20,788,246.45,Negative
ID_506,Type B,2019-05-21,918,470.98,Positive
ID_507,Type D,2019-05-22,138,223.65,Neutral
ID_508,Type D,2019-05-23,111,449.48,Positive
ID_509,Type C,2019-05-24,11,381.86,Neutral
ID_510,Type A,2019-05-25,513,219.34,Negative
ID_511,Type A,2019-05-26,405,473.32,Neutral
ID_512,Type C,2019-05-27,911,390.95,Negative
ID_513,Type C,2019-05-28,84,398.44,Positive
ID_514,Type B,2019-05-29,844,283.14,Negative
ID_515,Type B,2019-05-30,402,163.67,Positive
ID_516,Type B,2019-05-31,443,195.32,Negative
ID_517,Type C,2019-06-01,247,63.71,Negative
ID_518,Type B,2019-06-02,899,270.8,Positive
ID_519,Type C,2019-06-03,883,201.03,Neutral
ID_520,Type B,2019-06-04,157,441.2,Negative
ID_521,Type C,2019-06-05,170,161.3,Neutral
ID_522,Type D,2019-06-06,992,276.29,Negative
ID_523,Type D,2019-06-07,165,406.96,Positive
ID_524,Type C,2019-06-08,488,440.02,Neutral
ID_525,Type B,2019-06-09,561,34.26,Positive
ID_526,Type B,2019-06-10,386,98.67,Negative
ID_527,Type C,2019-06-11,591,139.25,Negative
ID_528,Type C,2019-06-12,665,442.81,Positive
ID_529,Type B,2019-06-13,725,392.67,Positive
ID_530,Type A,2019-06-14,413,274.88,Neutral
ID_531,Type C,2019-06-15,732,245.35,Negative
ID_532,Type D,2019-06-16,345,58.19,Positive
ID_533,Type B,2019-06-17,175,386.17,Neutral
ID_534,Type B,2019-06-18,288,255.28,Positive
ID_535,Type C,2019-06-19,45,134.16,Neutral
ID_536,Type D,2019-06-20,983,451.98,Negative
ID_537,Type D,2019-06-21,327,262.81,Negative
ID_538,Type C,2019-06-22,346,95.87,Negative
ID_539,Type A,2019-06-23,278,318.98,Positive
ID_540,Type C,2019-06-24,633,262.35,Negative
ID_541,Type A,2019-06-25,736,378.59,Neutral
ID_542,Type C,2019-06-26,65,489.41,Positive
ID_543,Type D,2019-06-27,670,425.15,Negative
ID_544,Type D,2019-06-28,620,183.13,Neutral
ID_545,Type C,2019-06-29,709,314.72,Neutral
ID_546,Type A,2019-06-30,470,489.37,Positive
ID_547,Type D,2019-07-01,142,94.41,Positive
ID_548,Type A,2019-07-02,982,428.4,Neutral
ID_549,Type C,2019-07-03,101,151.03,Positive
ID_550,Type B,2019-07-04,274,121.31,Positive
ID_551,Type B,2019-07-05,195,32.43,Negative
ID_552,Type D,2019-07-06,852,32.19,Negative
ID_553,Type D,2019-07-07,112,477.69,Negative
ID_554,Type C,2019-07-08,903,432.61,Negative
ID_555,Type B,2019-07-09,694,389.6,Positive
ID_556,Type C,2019-07-10,84,286.96,Neutral
ID_557,Type D,2019-07-11,210,272.4,Positive
ID_558,Type C,2019-07-12,663,294.78,Negative
ID_559,Type C,2019-07-13,276,241.98,Positive
ID_560,Type D,2019-07-14,163,40.47,Neutral
ID_561,Type A,2019-07-15,246,61.33,Neutral
ID_562,Type D,2019-07-16,92,48.58,Neutral
ID_563,Type A,2019-07-17,649,473.79,Negative
ID_564,Type A,2019-07-18,892,188.53,Positive
ID_565,Type C,2019-07-19,897,390.36,Neutral
ID_566,Type C,2019-07-20,967,378.1,Negative
ID_567,Type C,2019-07-21,919,176.37,Negative
ID_568,Type B,2019-07-22,990,431.46,Positive
ID_569,Type A,2019-07-23,904,179.04,Negative
ID_570,Type C,2019-07-24,376,288.6,Negative
ID_571,Type D,2019-07-25,968,314.87,Negative
ID_572,Type D,2019-07-26,944,279.19,Neutral
ID_573,Type D,2019-07-27,995,407.21,Negative
ID_574,Type C,2019-07-28,91,272.34,Positive
ID_575,Type C,2019-07-29,306,263.97,Positive
ID_576,Type A,2019-07-30,568,407.84,Negative
ID_577,Type D,2019-07-31,582,87.05,Negative
ID_578,Type D,2019-08-01,229,43.27,Positive
ID_579,Type A,2019-08-02,536,113.71,Positive
ID_580,Type B,2019-08-03,48,333.18,Positive
ID_581,Type A,2019-08-04,999,420.11,Positive
ID_582,Type D,2019-08-05,211,345.73,Positive
ID_583,Type D,2019-08-06,60,63.37,Negative
ID_584,Type A,2019-08-07,656,251.08,Neutral
ID_585,Type D,2019-08-08,720,199.03,Neutral
ID_586,Type C,2019-08-09,456,216.83,Positive
ID_587,Type D,2019-08-10,72,213.88,Negative
ID_588,Type B,2019-08-11,261,16.04,Positive
ID_589,Type B,2019-08-12,300,152.37,Positive
ID_590,Type B,2019-08-13,688,141.4,Negative
ID_591,Type C,2019-08-14,88,314.51,Positive
ID_592,Type D,2019-08-15,788,251.51,Positive
ID_593,Type D,2019-08-16,331,129.39,Neutral
ID_594,Type B,2019-08-17,57,15.71,Positive
ID_595,Type C,2019-08-18,168,202.46,Negative
ID_596,Type D,2019-08-19,873,422.83,Positive
ID_597,Type D,2019-08-20,29,324.86,Positive
ID_598,Type D,2019-08-21,295,265.33,Negative
ID_599,Type B,2019-08-22,12,444.04,Negative
ID_600,Type C,2019-08-23,74,405.64,Negative
ID_601,Type A,2019-08-24,508,306.57,Positive
ID_602,Type D,2019-08-25,689,403.86,Neutral
ID_603,Type B,2019-08-26,382,470.62,Negative
ID_604,Type D,2019-08-27,773,208.31,Neutral
ID_605,Type A,2019-08-28,484,15.58,Negative
ID_606,Type B,2019-08-29,900,146.18,Positive
ID_607,Type D,2019-08-30,393,473.7,Negative
ID_608,Type B,2019-08-31,80,258.58,Negative
ID_609,Type D,2019-09-01,904,155.46,Neutral
ID_610,Type C,2019-09-02,725,288.9,Neutral
ID_611,Type C,2019-09-03,839,360.56,Positive
ID_612,Type C,2019-09-04,193,417.28,Positive
ID_613,Type C,2019-09-05,812,42.08,Neutral
ID_614,Type A,2019-09-06,270,284.08,Negative
ID_615,Type C,2019-09-07,477,417.64,Neutral
ID_616,Type C,2019-09-08,677,80.95,Positive
ID_617,Type B,2019-09-09,233,189.84,Neutral
ID_618,Type D,2019-09-10,878,196.44,Neutral
ID_619,Type D,2019-09-11,702,226.79,Negative
ID_620,Type C,2019-09-12,407,210.97,Negative
ID_621,Type D,2019-09-13,503,217.53,Positive
ID_622,Type B,2019-09-14,801,12.76,Positive
ID_623,Type B,2019-09-15,873,15.09,Positive
ID_624,Type D,2019-09-16,396,20.65,Neutral
ID_625,Type B,2019-09-17,2,435.8,Positive
ID_626,Type D,2019-09-18,722,339.11,Neutral
ID_627,Type D,2019-09-19,378,169.9,Positive
ID_628,Type C,2019-09-20,377,48.99,Neutral
ID_629,Type A,2019-09-21,28,299.76,Negative
ID_630,Type C,2019-09-22,997,236.67,Positive
ID_631,Type B,2019-09-23,684,484.21,Negative
ID_632,Type D,2019-09-24,86,496.78,Positive
ID_633,Type B,2019-09-25,929,201.19,Neutral
ID_634,Type D,2019-09-26,183,359.31,Negative
ID_635,Type D,2019-09-27,404,395.37,Negative
ID_636,Type D,2019-09-28,952,474.74,Neutral
ID_637,Type A,2019-09-29,107,309.37,Positive
ID_638,Type D,2019-09-30,352,391.33,Neutral
ID_639,Type D,2019-10-01,138,478.09,Positive
ID_640,Type B,2019-10-02,398,85.48,Neutral
ID_641,Type D,2019-10-03,445,188.59,Positive
ID_642,Type C,2019-10-04,370,370.51,Positive
ID_643,Type C,2019-10-05,924,271.39,Neutral
ID_644,Type B,2019-10-06,460,42.29,Negative
ID_645,Type D,2019-10-07,2,475.02,Negative
ID_646,Type C,2019-10-08,815,254.52,Positive
ID_647,Type C,2019-10-09,151,67.04,Negative
ID_648,Type A,2019-10-10,193,198.36,Positive
ID_649,Type D,2019-10-11,33,449.46,Positive
ID_650,Type C,2019-10-12,453,285.92,Neutral
ID_651,Type C,2019-10-13,979,277.69,Negative
ID_652,Type D,2019-10-14,871,400.79,Positive
ID_653,Type B,2019-10-15,659,495.59,Negative
ID_654,Type A,2019-10-16,981,119.94,Positive
ID_655,Type A,2019-10-17,843,88.81,Neutral
ID_656,Type B,2019-10-18,628,479.28,Negative
ID_657,Type A,2019-10-19,683,401.83,Negative
ID_658,Type D,2019-10-20,138,233.22,Positive
ID_659,Type D,2019-10-21,515,156.52,Neutral
ID_660,Type A,2019-10-22,519,196.93,Neutral
ID_661,Type D,2019-10-23,155,45.45,Positive
ID_662,Type B,2019-10-24,891,213.16,Positive
ID_663,Type A,2019-10-25,314,317.58,Positive
ID_664,Type A,2019-10-26,882,256.44,Negative
ID_665,Type A,2019-10-27,272,178.01,Negative
ID_666,Type C,2019-10-28,652,150.91,Negative
ID_667,Type C,2019-10-29,688,178.51,Negative
ID_668,Type C,2019-10-30,177,334.66,Negative
ID_669,Type B,2019-10-31,653,428.41,Positive
ID_670,Type C,2019-11-01,595,492.48,Positive
ID_671,Type C,2019-11-02,760,185.14,Positive
ID_672,Type A,2019-11-03,771,325.34,Negative
ID_673,Type C,2019-11-04,697,330.75,Negative
ID_674,Type A,2019-11-05,989,280.08,Neutral
ID_675,Type D,2019-11-06,967,309.26,Negative
ID_676,Type C,2019-11-07,605,40.41,Positive
ID_677,Type D,2019-11-08,252,470.32,Negative
ID_678,Type B,2019-11-09,321,150.45,Neutral
ID_679,Type B,2019-11-10,380,419.6,Positive
ID_680,Type C,2019-11-11,460,455.62,Negative
ID_681,Type D,2019-11-12,829,425.71,Positive
ID_682,Type A,2019-11-13,183,62.5,Neutral
ID_683,Type D,2019-11-14,714,136.1,Neutral
ID_684,Type A,2019-11-15,66,275.68,Negative
ID_685,Type C,2019-11-16,24,389.01,Positive
ID_686,Type A,2019-11-17,200,76.04,Negative
ID_687,Type A,2019-11-18,146,250.07,Neutral
ID_688,Type C,2019-11-19,590,353.05,Negative
ID_689,Type C,2019-11-20,998,213.25,Negative
ID_690,Type D,2019-11-21,762,84.82,Negative
ID_691,Type B,2019-11-22,972,104.02,Positive
ID_692,Type C,2019-11-23,391,166.46,Positive
ID_693,Type D,2019-11-24,33,216.19,Neutral
ID_694,Type C,2019-11-25,815,99.16,Neutral
ID_695,Type A,2019-11-26,565,379.6,Positive
ID_696,Type B,2019-11-27,417,307.59,Positive
ID_697,Type D,2019-11-28,260,356.9,Neutral
ID_698,Type D,2019-11-29,753,56.82,Positive
ID_699,Type A,2019-11-30,221,226.23,Negative
ID_700,Type D,2019-12-01,537,136.86,Neutral
ID_701,Type C,2019-12-02,195,256.46,Negative
ID_702,Type C,2019-12-03,522,374.43,Positive
ID_703,Type A,2019-12-04,271,413.6,Negative
ID_704,Type B,2019-12-05,104,66.86,Positive
ID_705,Type A,2019-12-06,123,147.0,Positive
ID_706,Type D,2019-12-07,792,389.74,Negative
ID_707,Type B,2019-12-08,197,357.42,Neutral
ID_708,Type B,2019-12-09,412,37.94,Positive
ID_709,Type C,2019-12-10,894,498.76,Neutral
ID_710,Type C,2019-12-11,23,248.13,Negative
ID_711,Type B,2019-12-12,626,231.53,Positive
ID_712,Type D,2019-12-13,597,76.58,Neutral
ID_713,Type A,2019-12-14,741,75.78,Positive
ID_714,Type D,2019-12-15,817,332.36,Neutral
ID_715,Type A,2019-12-16,61,326.35,Positive
ID_716,Type D,2019-12-17,810,490.86,Neutral
ID_717,Type D,2019-12-18,148,406.55,Neutral
ID_718,Type C,2019-12-19,783,203.23,Positive
ID_719,Type A,2019-12-20,537,456.91,Positive
ID_720,Type A,2019-12-21,953,363.59,Negative
ID_721,Type C,2019-12-22,740,446.32,Negative
ID_722,Type C,2019-12-23,929,439.99,Positive
ID_723,Type A,2019-12-24,351,455.71,Negative
ID_724,Type C,2019-12-25,646,110.49,Negative
ID_725,Type D,2019-12-26,267,172.64,Negative
ID_726,Type B,2019-12-27,688,58.26,Positive
ID_727,Type B,2019-12-28,568,305.19,Positive
ID_728,Type A,2019-12-29,544,361.95,Positive
ID_729,Type B,2019-12-30,965,133.49,Positive
ID_730,Type B,2019-12-31,121,68.87,Negative
ID_731,Type D,2020-01-01,636,250.08,Positive
ID_732,Type B,2020-01-02,121,116.25,Neutral
ID_733,Type C,2020-01-03,753,177.34,Negative
ID_734,Type D,2020-01-04,183,209.25,Positive
ID_735,Type C,2020-01-05,827,316.18,Positive
ID_736,Type C,2020-01-06,89,439.33,Negative
ID_737,Type D,2020-01-07,420,182.27,Neutral
ID_738,Type C,2020-01-08,741,416.52,Negative
ID_739,Type A,2020-01-09,703,31.12,Positive
ID_740,Type C,2020-01-10,853,285.36,Negative
ID_741,Type C,2020-01-11,69,71.05,Neutral
ID_742,Type D,2020-01-12,653,450.2,Negative
ID_743,Type C,2020-01-13,676,344.61,Positive
ID_744,Type A,2020-01-14,5,378.49,Neutral
ID_745,Type D,2020-01-15,685,136.49,Positive
ID_746,Type C,2020-01-16,971,26.52,Neutral
ID_747,Type C,2020-01-17,981,356.79,Positive
ID_748,Type A,2020-01-18,127,403.95,Positive
ID_749,Type A,2020-01-19,397,491.67,Negative
ID_750,Type B,2020-01-20,265,360.58,Positive
ID_751,Type A,2020-01-21,314,233.46,Neutral
ID_752,Type D,2020-01-22,47,480.25,Positive
ID_753,Type D,2020-01-23,967,225.09,Positive
ID_754,Type D,2020-01-24,463,462.21,Neutral
ID_755,Type D,2020-01-25,724,286.92,Positive
ID_756,Type B,2020-01-26,247,293.47,Positive
ID_757,Type D,2020-01-27,773,481.54,Positive
ID_758,Type A,2020-01-28,947,128.35,Positive
ID_759,Type D,2020-01-29,713,136.06,Negative
ID_760,Type C,2020-01-30,372,403.81,Negative
ID_761,Type C,2020-01-31,943,306.88,Negative
ID_762,Type B,2020-02-01,298,488.93,Neutral
ID_763,Type D,2020-02-02,580,204.3,Negative
ID_764,Type D,2020-02-03,153,335.5,Negative
ID_765,Type B,2020-02-04,157,306.08,Positive
ID_766,Type B,2020-02-05,846,421.07,Negative
ID_767,Type C,2020-02-06,810,66.04,Negative
ID_768,Type A,2020-02-07,842,46.5,Positive
ID_769,Type A,2020-02-08,288,292.93,Negative
ID_770,Type C,2020-02-09,709,51.84,Positive
ID_771,Type A,2020-02-10,162,304.34,Negative
ID_772,Type C,2020-02-11,304,443.62,Negative
ID_773,Type B,2020-02-12,292,45.21,Neutral
ID_774,Type B,2020-02-13,135,489.88,Positive
ID_775,Type D,2020-02-14,947,404.26,Positive
ID_776,Type C,2020-02-15,881,247.15,Positive
ID_777,Type A,2020-02-16,558,265.27,Negative
ID_778,Type C,2020-02-17,536,151.9,Neutral
ID_779,Type A,2020-02-18,662,397.52,Negative
ID_780,Type B,2020-02-19,171,471.22,Positive
ID_781,Type B,2020-02-20,752,323.06,Negative
ID_782,Type B,2020-02-21,208,123.2,Neutral
ID_783,Type B,2020-02-22,430,392.91,Neutral
ID_784,Type D,2020-02-23,993,492.16,Neutral
ID_785,Type D,2020-02-24,892,161.55,Negative
ID_786,Type B,2020-02-25,695,85.13,Neutral
ID_787,Type B,2020-02-26,771,207.22,Neutral
ID_788,Type B,2020-02-27,861,415.99,Neutral
ID_789,Type D,2020-02-28,740,433.35,Negative
ID_790,Type D,2020-02-29,768,243.06,Negative
ID_791,Type D,2020-03-01,93,300.66,Positive
ID_792,Type A,2020-03-02,233,387.24,Negative
ID_793,Type C,2020-03-03,302,217.46,Neutral
ID_794,Type C,2020-03-04,862,156.29,Neutral
ID_795,Type A,2020-03-05,303,49.21,Negative
ID_796,Type A,2020-03-06,482,443.13,Negative
ID_797,Type D,2020-03-07,528,372.42,Positive
ID_798,Type A,2020-03-08,644,83.48,Neutral
ID_799,Type C,2020-03-09,762,351.07,Neutral
ID_800,Type C,2020-03-10,199,165.27,Negative
ID_801,Type D,2020-03-11,941,367.63,Neutral
ID_802,Type C,2020-03-12,729,313.21,Negative
ID_803,Type B,2020-03-13,134,496.29,Neutral
ID_804,Type A,2020-03-14,79,163.87,Positive
ID_805,Type C,2020-03-15,757,452.84,Negative
ID_806,Type C,2020-03-16,779,382.82,Negative
ID_807,Type A,2020-03-17,242,153.28,Positive
ID_808,Type B,2020-03-18,42,234.26,Neutral
ID_809,Type D,2020-03-19,112,150.74,Negative
ID_810,Type A,2020-03-20,872,259.85,Neutral
ID_811,Type A,2020-03-21,803,164.5,Neutral
ID_812,Type D,2020-03-22,107,320.14,Positive
ID_813,Type C,2020-03-23,479,155.12,Negative
ID_814,Type A,2020-03-24,736,242.85,Positive
ID_815,Type C,2020-03-25,967,249.26,Negative
ID_816,Type A,2020-03-26,755,437.78,Neutral
ID_817,Type A,2020-03-27,67,94.6,Neutral
ID_818,Type D,2020-03-28,819,31.45,Positive
ID_819,Type D,2020-03-29,395,370.18,Neutral
ID_820,Type D,2020-03-30,628,185.18,Positive
ID_821,Type B,2020-03-31,806,464.47,Negative
ID_822,Type D,2020-04-01,789,16.68,Neutral
ID_823,Type D,2020-04-02,81,363.54,Neutral
ID_824,Type A,2020-04-03,230,47.32,Positive
ID_825,Type B,2020-04-04,414,155.48,Negative
ID_826,Type D,2020-04-05,812,433.69,Neutral
ID_827,Type C,2020-04-06,101,140.38,Positive
ID_828,Type A,2020-04-07,16,114.82,Neutral
ID_829,Type A,2020-04-08,613,348.85,Positive
ID_830,Type A,2020-04-09,76,94.59,Positive
ID_831,Type B,2020-04-10,389,163.83,Positive
ID_832,Type A,2020-04-11,364,305.87,Negative
ID_833,Type B,2020-04-12,890,127.51,Neutral
ID_834,Type A,2020-04-13,356,50.24,Negative
ID_835,Type D,2020-04-14,570,109.16,Positive
ID_836,Type D,2020-04-15,481,96.51,Neutral
ID_837,Type D,2020-04-16,703,362.61,Neutral
ID_838,Type D,2020-04-17,685,429.62,Positive
ID_839,Type A,2020-04-18,563,163.46,Neutral
ID_840,Type B,2020-04-19,183,103.21,Neutral
ID_841,Type B,2020-04-20,393,331.19,Neutral
ID_842,Type B,2020-04-21,275,15.15,Negative
ID_843,Type B,2020-04-22,782,133.64,Neutral
ID_844,Type B,2020-04-23,216,322.33,Neutral
ID_845,Type B,2020-04-24,871,223.43,Neutral
ID_846,Type C,2020-04-25,301,208.6,Neutral
ID_847,Type B,2020-04-26,367,95.48,Positive
ID_848,Type D,2020-04-27,430,207.83,Negative
ID_849,Type B,2020-04-28,465,399.96,Negative
ID_850,Type A,2020-04-29,372,444.8,Positive
ID_851,Type A,2020-04-30,270,60.3,Neutral
ID_852,Type A,2020-05-01,31,257.4,Negative
ID_853,Type B,2020-05-02,804,293.78,Negative
ID_854,Type A,2020-05-03,801,176.7,Negative
ID_855,Type B,2020-05-04,998,42.63,Neutral
ID_856,Type D,2020-05-05,774,178.1,Positive
ID_857,Type B,2020-05-06,219,469.8,Neutral
ID_858,Type C,2020-05-07,11,401.95,Neutral
ID_859,Type D,2020-05-08,363,282.21,Negative
ID_860,Type D,2020-05-09,569,333.56,Neutral
ID_861,Type D,2020-05-10,751,311.41,Negative
ID_862,Type C,2020-05-11,971,108.62,Neutral
ID_863,Type A,2020-05-12,981,26.39,Neutral
ID_864,Type D,2020-05-13,191,273.32,Positive
ID_865,Type A,2020-05-14,366,29.6,Negative
ID_866,Type A,2020-05-15,2,212.96,Positive
ID_867,Type A,2020-05-16,358,226.76,Positive
ID_868,Type B,2020-05-17,410,282.4,Positive
ID_869,Type C,2020-05-18,574,266.09,Neutral
ID_870,Type A,2020-05-19,457,460.74,Positive
ID_871,Type B,2020-05-20,92,245.51,Neutral
ID_872,Type A,2020-05-21,831,417.6,Neutral
ID_873,Type B,2020-05-22,838,452.01,Positive
ID_874,Type B,2020-05-23,813,410.59,Neutral
ID_875,Type C,2020-05-24,621,17.36,Neutral
ID_876,Type A,2020-05-25,300,496.51,Negative
ID_877,Type A,2020-05-26,7,213.72,Neutral
ID_878,Type C,2020-05-27,747,305.62,Neutral
ID_879,Type D,2020-05-28,669,234.54,Positive
ID_880,Type D,2020-05-29,282,90.03,Positive
ID_881,Type C,2020-05-30,566,390.95,Neutral
ID_882,Type C,2020-05-31,103,344.41,Negative
ID_883,Type C,2020-06-01,63,184.21,Negative
ID_884,Type D,2020-06-02,57,92.7,Negative
ID_885,Type C,2020-06-03,201,115.41,Positive
ID_886,Type C,2020-06-04,163,403.85,Neutral
ID_887,Type B,2020-06-05,789,99.75,Positive
ID_888,Type C,2020-06-06,606,337.13,Positive
ID_889,Type D,2020-06-07,948,212.78,Neutral
ID_890,Type B,2020-06-08,461,65.19,Negative
ID_891,Type B,2020-06-09,989,86.12,Positive
ID_892,Type B,2020-06-10,93,154.28,Positive
ID_893,Type A,2020-06-11,54,186.61,Positive
ID_894,Type A,2020-06-12,800,286.06,Neutral
ID_895,Type B,2020-06-13,150,233.27,Positive
ID_896,Type A,2020-06-14,793,128.22,Positive
ID_897,Type C,2020-06-15,416,380.9,Positive
ID_898,Type D,2020-06-16,242,81.33,Positive
ID_899,Type C,2020-06-17,676,483.26,Neutral
ID_900,Type B,2020-06-18,347,129.67,Negative
ID_901,Type A,2020-06-19,354,69.45,Neutral
ID_902,Type A,2020-06-20,692,356.17,Negative
ID_903,Type D,2020-06-21,100,488.07,Positive
ID_904,Type D,2020-06-22,43,48.23,Negative
ID_905,Type D,2020-06-23,714,340.61,Negative
ID_906,Type A,2020-06-24,719,365.29,Neutral
ID_907,Type A,2020-06-25,693,233.5,Positive
ID_908,Type A,2020-06-26,639,49.8,Neutral
ID_909,Type B,2020-06-27,14,175.63,Positive
ID_910,Type D,2020-06-28,536,73.14,Positive
ID_911,Type C,2020-06-29,895,313.64,Neutral
ID_912,Type B,2020-06-30,162,180.66,Neutral
ID_913,Type C,2020-07-01,793,83.63,Positive
ID_914,Type C,2020-07-02,357,281.2,Neutral
ID_915,Type C,2020-07-03,545,231.58,Neutral
ID_916,Type D,2020-07-04,480,473.66,Negative
ID_917,Type C,2020-07-05,113,213.2,Positive
ID_918,Type B,2020-07-06,382,351.6,Positive
ID_919,Type A,2020-07-07,550,393.53,Positive
ID_920,Type A,2020-07-08,697,456.97,Neutral
ID_921,Type B,2020-07-09,977,395.19,Negative
ID_922,Type C,2020-07-10,388,67.46,Negative
ID_923,Type C,2020-07-11,9,131.28,Negative
ID_924,Type C,2020-07-12,318,84.33,Positive
ID_925,Type D,2020-07-13,270,88.2,Negative
ID_926,Type D,2020-07-14,949,242.92,Positive
ID_927,Type A,2020-07-15,965,78.06,Positive
ID_928,Type D,2020-07-16,391,282.08,Neutral
ID_929,Type D,2020-07-17,6,443.55,Positive
ID_930,Type A,2020-07-18,556,386.45,Neutral
ID_931,Type C,2020-07-19,541,85.77,Positive
ID_932,Type A,2020-07-20,246,314.06,Neutral
ID_933,Type A,2020-07-21,390,251.08,Neutral
ID_934,Type B,2020-07-22,217,447.88,Positive
ID_935,Type C,2020-07-23,426,272.59,Neutral
ID_936,Type D,2020-07-24,348,470.02,Neutral
ID_937,Type A,2020-07-25,798,62.05,Neutral
ID_938,Type A,2020-07-26,140,405.01,Neutral
ID_939,Type D,2020-07-27,807,377.48,Neutral
ID_940,Type B,2020-07-28,196,183.08,Positive
ID_941,Type D,2020-07-29,846,365.34,Negative
ID_942,Type B,2020-07-30,558,207.29,Negative
ID_943,Type A,2020-07-31,488,320.37,Positive
ID_944,Type B,2020-08-01,492,36.3,Negative
ID_945,Type D,2020-08-02,336,71.48,Positive
ID_946,Type D,2020-08-03,268,388.57,Neutral
ID_947,Type A,2020-08-04,925,93.68,Positive
ID_948,Type C,2020-08-05,192,290.91,Positive
ID_949,Type A,2020-08-06,943,338.98,Negative
ID_950,Type A,2020-08-07,648,193.6,Positive
ID_951,Type D,2020-08-08,171,166.71,Positive
ID_952,Type D,2020-08-09,275,400.79,Negative
ID_953,Type A,2020-08-10,289,292.21,Neutral
ID_954,Type B,2020-08-11,186,242.64,Neutral
ID_955,Type D,2020-08-12,581,354.54,Positive
ID_956,Type C,2020-08-13,416,420.42,Neutral
ID_957,Type C,2020-08-14,95,45.39,Positive
ID_958,Type D,2020-08-15,845,148.76,Neutral
ID_959,Type C,2020-08-16,291,194.11,Neutral
ID_960,Type C,2020-08-17,312,432.6,Positive
ID_961,Type C,2020-08-18,649,65.21,Negative
ID_962,Type A,2020-08-19,772,265.92,Neutral
ID_963,Type D,2020-08-20,892,434.31,Negative
ID_964,Type B,2020-08-21,274,105.07,Neutral
ID_965,Type B,2020-08-22,596,429.09,Negative
ID_966,Type C,2020-08-23,283,209.97,Positive
ID_967,Type B,2020-08-24,422,338.04,Neutral
ID_968,Type C,2020-08-25,248,439.74,Positive
ID_969,Type B,2020-08-26,916,462.36,Negative
ID_970,Type D,2020-08-27,653,211.16,Negative
ID_971,Type B,2020-08-28,733,89.97,Negative
ID_972,Type C,2020-08-29,215,450.77,Positive
ID_973,Type B,2020-08-30,270,157.27,Negative
ID_974,Type C,2020-08-31,536,140.37,Neutral
ID_975,Type A,2020-09-01,151,173.29,Negative
ID_976,Type B,2020-09-02,477,89.49,Positive
ID_977,Type A,2020-09-03,930,73.01,Positive
ID_978,Type C,2020-09-04,645,466.83,Neutral
ID_979,Type A,2020-09-05,576,419.15,Negative
ID_980,Type C,2020-09-06,573,415.27,Negative
ID_981,Type B,2020-09-07,711,366.9,Negative
ID_982,Type C,2020-09-08,131,47.02,Negative
ID_983,Type B,2020-09-09,477,50.72,Positive
ID_984,Type D,2020-09-10,52,233.61,Negative
ID_985,Type A,2020-09-11,534,432.43,Neutral
ID_986,Type A,2020-09-12,355,118.79,Positive
ID_987,Type D,2020-09-13,703,414.74,Positive
ID_988,Type B,2020-09-14,652,27.74,Positive
ID_989,Type B,2020-09-15,89,237.53,Positive
ID_990,Type A,2020-09-16,604,217.61,Positive
ID_991,Type D,2020-09-17,782,238.09,Negative
ID_992,Type C,2020-09-18,237,289.12,Negative
ID_993,Type D,2020-09-19,649,186.6,Positive
ID_994,Type D,2020-09-20,920,304.46,Neutral
ID_995,Type D,2020-09-21,458,288.96,Negative
ID_996,Type D,2020-09-22,586,411.48,Positive
ID_997,Type D,2020-09-23,826,159.53,Neutral
ID_998,Type A,2020-09-24,424,450.71,Neutral
ID_999,Type A,2020-09-25,455,343.78,Negative
ID_1000,Type C,2020-09-26,339,30.66,Neutral
